text,sentiment,companies,sector,keywords,market_impact,summary
"Title: 'Big Short' investor Michael Burry warns stocks are long overdue for a crash — and 'fragile' markets could worsen it. Description: Michael Burry of ""The Big Short"" fame expects stock-market crashes to become more severe and last longer thanks to a cocktail of market trends.. URL: https://www.businessinsider.com/big-short-michael-burry-fragile-stock-market-crash-prediction-substack-2026-3",Bearish,,Finance,"Michael Burry, stock-market crashes, fragile markets, market trends","Investors may become more cautious and start selling off stocks, leading to a potential market downturn.","Michael Burry, known for predicting the housing market crash in 2008, warns that stock-market crashes could become more severe and last longer due to current market trends."
"Title: February hedge fund returns: Citadel, ExodusPoint churn out gains for the month. Description: Sophisticated money managers were mostly up in February despite the market being down.. URL: https://www.businessinsider.com/february-hedge-fund-performance-citadel-dymon-2026-3",Bullish,"Citadel, ExodusPoint",Finance,"hedge fund, returns, money managers, market",The strong performance of hedge funds like Citadel and ExodusPoint in February indicates positive sentiment in the finance sector.,"Sophisticated hedge funds such as Citadel and ExodusPoint reported gains in February despite the overall market being down, showcasing resilience and strong performance in the finance sector."
"Title: Trump's pledge to keep oil flowing has calmed markets, but Wall Street experts say disruption risks aren't over. Description: Trump offered assurances that the US will protect the flow of oil in the Middle East during the war in Iran, but experts are still worried about disruptions.. URL: https://www.businessinsider.com/trump-us-oil-price-stock-market-energy-iran-commoditiy-war-2026-3",Neutral,,Energy,"Trump, oil, Middle East, disruption, Iran, commodity","While Trump's pledge has calmed markets, experts remain concerned about potential disruptions in the oil supply chain.","Despite Trump's assurances to protect the flow of oil in the Middle East during the war in Iran, experts are still wary of potential disruptions in the oil market."
"Title: I spent the day at an iconic Wall Street steakhouse in search of the power lunch — but I was looking in the wrong place. Description: Delmonico's said that lunch isn't what it used to be, since companies are replacing restaurants as the go-to lunch spot.. URL: https://www.businessinsider.com/wall-street-steakhouse-delmonicos-power-lunch-jpmorgan-rto-2026-3",Neutral,"Delmonico's, JPMorgan",Food & Beverage,"Wall Street, steakhouse, power lunch, Delmonico's, JPMorgan",This news may impact the restaurant industry as companies are shifting away from traditional lunch spots.,"Delmonico's, an iconic Wall Street steakhouse, mentioned that lunch isn't what it used to be as companies are choosing other options over traditional restaurants like theirs."
"Title: Target finished out a difficult year with declining sales, but says growth is ahead. Description: Target reported a 1.7% decline in total sales for its fiscal year, but said it expects net sales growth in every quarter of 2026.. URL: https://www.businessinsider.com/target-earnings-results-q4-2025-sales-decline-2026-3",Bullish,Target,Retail,"sales decline, growth ahead, fiscal year, net sales growth, 2026",Investors may see potential for growth in Target's future performance.,"Target finished a challenging year with declining sales, but is optimistic about future growth, expecting net sales growth in every quarter of 2026."
"Title: Meta is forming a new AI engineering org for its superintelligence push, with teams as large as 50 people per manager. Description: Meta's applied AI engineering team, headed by VP Maher Saba, partners with Superintelligence Labs and uses a flat organizational model.. URL: https://www.businessinsider.com/meta-ai-new-applied-engineering-team-2026-3",Bullish,Meta,Technology,"AI engineering, superintelligence, Meta","The formation of a new AI engineering org at Meta could lead to advancements in superintelligence technology, potentially boosting Meta's competitive edge in the tech industry.","Meta is forming a new AI engineering organization focused on superintelligence, with teams led by managers overseeing up to 50 people each."
"Title: The government's AI standoff could decide who really controls America's military tech. Description: The dispute between the Department of Defense, Anthropic, and OpenAI has sparked a broader debate over who sets the terms for how AI systems are used.. URL: https://www.businessinsider.com/government-ai-standoff-anthropic-openai-decide-who-controls-military-tech-2026-3",Neutral,"Department of Defense, Anthropic, OpenAI",Technology,"AI, military tech, dispute, debate, control",The outcome of the standoff could potentially impact the development and use of AI systems in the military sector.,"The dispute between the Department of Defense, Anthropic, and OpenAI over control of AI systems has sparked a broader debate over who really controls America's military tech."
"Title: These eye-popping charts put OpenAI's record funding round in perspective. Description: OpenAI's $110 billion funding round, backed by Amazon and Nvidia, sets a record for private tech fundraising, surpassing major IPOs.. URL: https://www.businessinsider.com/openai-funding-round-4-times-bigger-than-largest-ipo-2026-2",Bullish,"OpenAI, Amazon, Nvidia",Technology,"OpenAI, funding round, Amazon, Nvidia, record, private tech fundraising",The record funding round for OpenAI backed by Amazon and Nvidia indicates strong investor confidence in the technology sector.,"OpenAI's $110 billion funding round, backed by Amazon and Nvidia, sets a record for private tech fundraising, surpassing major IPOs."
"Title: Jobs report updates: What to expect after last month's surprisingly robust job surge. Description: The Bureau of Labor Statistics will release its jobs report revealing February's job growth, after a job surge the prior month that beat expectations.. URL: https://www.businessinsider.com/jobs-report-february-data-live-updates-2026-3",Neutral,,Economy,"Jobs report, Bureau of Labor Statistics, February job growth",Investors will be closely watching the job report data for insights into the health of the economy.,"The Bureau of Labor Statistics will release the jobs report for February, following a strong job surge in the prior month."
"Title: Everything you want to know about the drama in private credit but were too afraid to ask. Description: Private credit is facing increased scrutiny. But what even is private credit? Why are people nervous? And, most importantly, why should you care?. URL: https://www.businessinsider.com/private-credit-wall-street-blackstone-apollo-blue-owl-investors-2026-3",Neutral,"Blackstone, Apollo, Blue Owl",Finance,"private credit, scrutiny, Wall Street, investors",The increased scrutiny on private credit may lead to potential regulatory changes in the finance sector.,"Private credit is facing increased scrutiny from regulators, with companies like Blackstone, Apollo, and Blue Owl in the spotlight. Investors are nervous about the implications of this scrutiny on the finance sector."
